dataset,method,auc_roc_mean,auc_roc_std,ap_mean,ap_std,f1_mean,f1_std,n_seeds,n_errors,n_rows,n_features,outlier_rate
14_glass,CALDM-D,0.6809394760614272,0.009850988892658064,0.10273852694896868,0.0011589009193555774,0.1111111111111111,0.0,3,0,214,7,0.04205607476635514
14_glass,CALDM-J,0.7548328816621499,0.06974481715251175,0.12378183427529867,0.02219384447476374,0.1111111111111111,0.0,3,0,214,7,0.04205607476635514
14_glass,CBLOF,0.8556458897922313,0.019034604792868625,0.1449300084166167,0.014147200047843835,0.1111111111111111,0.0,3,0,214,7,0.04205607476635514
14_glass,COPOD,0.7550135501355012,0.0,0.10848358938934939,0.0,0.1111111111111111,0.0,3,0,214,7,0.04205607476635514
14_glass,DeepSVDD,0.6092140921409214,0.10008185485167517,0.11296812684037706,0.060140632898429976,0.1111111111111111,0.0,3,0,214,7,0.04205607476635514
14_glass,ECOD,0.7046070460704609,0.0,0.1859466647060729,0.0,0.1111111111111111,0.0,3,0,214,7,0.04205607476635514
14_glass,HBOS,0.8124661246612467,0.0,0.14421815117101985,0.0,0.1111111111111111,0.0,3,0,214,7,0.04205607476635514
14_glass,IForest,0.79096657633243,0.012196125623658642,0.17789565932353937,0.057725635402466106,0.1111111111111111,0.0,3,0,214,7,0.04205607476635514
14_glass,KNN,0.8363143631436315,0.0,0.1412753944493999,0.0,0.1111111111111111,0.0,3,0,214,7,0.04205607476635514
14_glass,LODA,0.6122854561878951,0.07210166182416482,0.07618568410551545,0.007338432855817167,0.07407407407407407,0.06415002990995841,3,0,214,7,0.04205607476635514
14_glass,LOF,0.7701897018970189,0.0,0.1052559932934265,0.0,0.1111111111111111,0.0,3,0,214,7,0.04205607476635514
14_glass,PCA,0.6926829268292684,0.0,0.10471642517722612,0.0,0.1111111111111111,0.0,3,0,214,7,0.04205607476635514
17_InternetAds,CALDM-D,0.6146768605684642,4.595533832754174e-05,0.29562694042469667,3.0627205075662645e-05,0.3423913043478261,0.0,3,0,1966,1555,0.1871820956256358
17_InternetAds,CALDM-J,0.5725278201012135,0.006062985077783527,0.22395807878013707,0.006094216839261944,0.28351449275362317,0.013677236295780335,3,0,1966,1555,0.1871820956256358
17_InternetAds,CBLOF,0.6156274373764307,0.00013093904936124898,0.29676237500067887,6.981625888244028e-05,0.3423913043478261,0.0,3,0,1966,1555,0.1871820956256358
17_InternetAds,COPOD,0.6764017181803341,0.0,0.5076891219490428,0.0,0.44565217391304346,0.0,3,0,1966,1555,0.1871820956256358
17_InternetAds,DeepSVDD,0.6244575420362409,0.008527410959478024,0.28063648766946625,0.0076346286513650306,0.33967391304347827,0.014379083212307566,3,0,1966,1555,0.1871820956256358
17_InternetAds,ECOD,0.6769611810959352,0.0,0.5088561566577561,0.0,0.4429347826086956,0.0,3,0,1966,1555,0.1871820956256358
17_InternetAds,HBOS,0.6962779561408282,0.0,0.5253418096079754,0.0,0.4701086956521739,0.0,3,0,1966,1555,0.1871820956256358
17_InternetAds,IForest,0.698985711305799,0.02173711701146747,0.5044407780649814,0.06244191357517492,0.4547101449275362,0.0549110310370568,3,0,1966,1555,0.1871820956256358
17_InternetAds,KNN,0.6208414390270447,0.0,0.29740270641567473,0.0,0.3423913043478261,0.0,3,0,1966,1555,0.1871820956256358
17_InternetAds,LODA,0.49257818876856946,0.07539688836585223,0.20404060245498754,0.04297530849944145,0.22010869565217392,0.06890609963644546,3,0,1966,1555,0.1871820956256358
17_InternetAds,LOF,0.6088963106056484,0.0,0.24208480997386075,0.0,0.3070652173913043,0.0,3,0,1966,1555,0.1871820956256358
17_InternetAds,PCA,0.6146609892800784,0.0,0.29561727691063905,0.0,0.3423913043478261,0.0,3,0,1966,1555,0.1871820956256358
18_Ionosphere,CALDM-D,0.7839506172839505,0.0007407407407407085,0.730212723511757,0.0027847781857595444,0.5899470899470899,0.012123216124221741,3,0,351,32,0.358974358974359
18_Ionosphere,CALDM-J,0.9152028218694884,0.007345758408754702,0.903565564464312,0.001266905335109082,0.8174603174603176,0.013746434980705326,3,0,351,32,0.358974358974359
18_Ionosphere,CBLOF,0.8991064079952968,0.0035414766564409806,0.8836855063456651,0.017701291323154147,0.8148148148148149,0.024246432248443577,3,0,351,32,0.358974358974359
18_Ionosphere,COPOD,0.7894532627865961,0.0,0.6696926579115451,0.0,0.5873015873015873,0.0,3,0,351,32,0.358974358974359
18_Ionosphere,DeepSVDD,0.8281834215167548,0.013405411589846193,0.7806675023647841,0.017854774115189934,0.6693121693121693,0.03994621394323153,3,0,351,32,0.358974358974359
18_Ionosphere,ECOD,0.7284303350970016,0.0,0.6460527623597061,0.0,0.5317460317460317,0.0,3,0,351,32,0.358974358974359
18_Ionosphere,HBOS,0.5667019400352733,0.0,0.3606852650165795,0.0,0.36507936507936506,0.0,3,0,351,32,0.358974358974359
18_Ionosphere,IForest,0.8458436213991769,0.007507208205016314,0.7973401457344198,0.006038708697673783,0.6587301587301587,0.007936507936507908,3,0,351,32,0.358974358974359
18_Ionosphere,KNN,0.9018342151675484,0.0,0.8728765021986232,0.0,0.753968253968254,0.0,3,0,351,32,0.358974358974359
18_Ionosphere,LODA,0.8210346854791299,0.032447211075742645,0.7721720376809446,0.007587155732939446,0.6534391534391535,0.032075014954979206,3,0,351,32,0.358974358974359
18_Ionosphere,LOF,0.8655731922398587,0.0,0.8298118429982558,0.0,0.7619047619047619,0.0,3,0,351,32,0.358974358974359
18_Ionosphere,PCA,0.7833862433862434,0.0,0.7307169656556285,0.0,0.5952380952380952,0.0,3,0,351,32,0.358974358974359
19_landsat,CALDM-D,0.3630433774652993,0.00187671143241528,0.16225827720517508,0.0007103814565070586,0.1937984496124031,0.0035452480316973817,3,0,6435,36,0.20714840714840715
19_landsat,CALDM-J,0.5325282712289204,0.0054712165865229735,0.21662098097286378,0.0010948631467561868,0.22280570142535636,0.011101761880681729,3,0,6435,36,0.20714840714840715
19_landsat,CBLOF,0.6210408933083919,0.000281232606153502,0.2600064231028145,0.00014885054953043547,0.29707426856714175,0.0012993629464132833,3,0,6435,36,0.20714840714840715
19_landsat,COPOD,0.4214654212357479,0.0,0.1758263551383961,0.0,0.18004501125281322,0.0,3,0,6435,36,0.20714840714840715
19_landsat,DeepSVDD,0.384560737401128,0.05736483178876691,0.17415436935688466,0.024994269694257214,0.21605401350337583,0.06460765677357873,3,0,6435,36,0.20714840714840715
19_landsat,ECOD,0.36781010227076566,0.0,0.16346395961766794,0.0,0.159039759939985,0.0,3,0,6435,36,0.20714840714840715
19_landsat,HBOS,0.5696339314150373,0.0,0.22831614243304962,0.0,0.26406601650412603,0.0,3,0,6435,36,0.20714840714840715
19_landsat,IForest,0.4782474038737046,0.016994109554187613,0.1959388978940563,0.011699663834505282,0.21605401350337583,0.0405587216531531,3,0,6435,36,0.20714840714840715
19_landsat,KNN,0.6053952482632615,0.0,0.25513612508651684,0.0,0.3015753938484621,0.0,3,0,6435,36,0.20714840714840715
19_landsat,LODA,0.36261456583275575,0.01238563426170536,0.15995584064745888,0.0070932778236806136,0.1555388847211803,0.03504534935615162,3,0,6435,36,0.20714840714840715
19_landsat,LOF,0.5466040412494343,0.0,0.25157438524151343,0.0,0.2738184546136534,0.0,3,0,6435,36,0.20714840714840715
19_landsat,PCA,0.3644277886406136,0.0,0.16297611723264058,0.0,0.19654913728432108,0.0,3,0,6435,36,0.20714840714840715
20_letter,CALDM-D,0.5248522222222222,0.001425678525916451,0.07698472748870654,6.889984949365832e-05,0.07666666666666667,0.005773502691896256,3,0,1600,32,0.0625
20_letter,CALDM-J,0.8195755555555556,0.012877503783874563,0.22634393961166258,0.012393743522525145,0.24333333333333332,0.02886751345948131,3,0,1600,32,0.0625
20_letter,CBLOF,0.7687833333333334,0.006670373969193149,0.16218926437274872,0.004579749506285471,0.21999999999999997,0.014142135623730973,3,1,1600,32,0.0625
20_letter,COPOD,0.55962,0.0,0.06831897062474712,0.0,0.04,0.0,3,0,1600,32,0.0625
20_letter,DeepSVDD,0.5182977777777779,0.013644388888775815,0.07153779141062633,0.00370431203401461,0.09333333333333334,0.03214550253664319,3,0,1600,32,0.0625
20_letter,ECOD,0.5723466666666667,0.0,0.07670305265377031,0.0,0.09000000000000001,0.0,3,0,1600,32,0.0625
20_letter,HBOS,0.5845133333333333,0.0,0.07680840911296799,0.0,0.05000000000000001,0.0,3,0,1600,32,0.0625
20_letter,IForest,0.6180333333333334,0.013159581215896481,0.0873536031907957,0.002339454213002144,0.10333333333333335,0.02516611478423583,3,0,1600,32,0.0625
20_letter,KNN,0.8377133333333334,0.0,0.2346087345739667,0.0,0.3,0.0,3,0,1600,32,0.0625
20_letter,LODA,0.5466044444444444,0.01934296350193108,0.08384440572904639,0.006591202009506121,0.10333333333333333,0.011547005383792518,3,0,1600,32,0.0625
20_letter,LOF,0.8988466666666666,0.0,0.4758994936756193,0.0,0.44,0.0,3,0,1600,32,0.0625
20_letter,PCA,0.52288,0.0,0.07649665618145764,0.0,0.08,0.0,3,0,1600,32,0.0625
23_mammography,CALDM-D,0.8880090118005527,0.000690350079934215,0.19993698340847454,0.0017678059000238242,0.26666666666666666,0.005875097044815159,3,0,11183,6,0.023249575248144506
23_mammography,CALDM-J,0.8274228457007912,0.04215232896372831,0.16558282320033366,0.05842637702015309,0.25641025641025644,0.07471180658632547,3,0,11183,6,0.023249575248144506
23_mammography,CBLOF,0.8199406333847422,0.007126774505459494,0.15162974434769927,0.008669532791231001,0.26153846153846155,0.013323467750529847,3,0,11183,6,0.023249575248144506
23_mammography,COPOD,0.9053320798033789,0.0,0.4299504472150996,0.0,0.43076923076923074,0.0,3,0,11183,6,0.023249575248144506
23_mammography,DeepSVDD,0.7717458104165053,0.09424086737306311,0.10962237930265196,0.03566514426986327,0.1653846153846154,0.0416025147168922,3,0,11183,6,0.023249575248144506
23_mammography,ECOD,0.9061567334981233,0.0,0.43599502343200863,0.0,0.4269230769230769,0.0,3,0,11183,6,0.023249575248144506
23_mammography,HBOS,0.8299486263987775,0.0,0.12729264502201373,0.0,0.12619502868068835,0.0,3,0,11183,6,0.023249575248144506
23_mammography,IForest,0.8487018687925033,0.016653674827676625,0.1806246102805756,0.038615478670144,0.18846153846153846,0.05287587340333661,3,0,11183,6,0.023249575248144506
23_mammography,KNN,0.8511040570708244,0.0,0.17365205153720217,0.0,0.25,0.0,3,0,11183,6,0.023249575248144506
23_mammography,LODA,0.8502825137266224,0.02289308566934741,0.19771904409530836,0.03552850443095922,0.2641025641025641,0.02350038817926071,3,0,11183,6,0.023249575248144506
23_mammography,LOF,0.7192939739012246,0.0,0.08912406986155834,0.0,0.1961538461538462,0.0,3,0,11183,6,0.023249575248144506
23_mammography,PCA,0.8863358192663329,0.0,0.19816770986143473,0.0,0.25769230769230766,0.0,3,0,11183,6,0.023249575248144506
24_mnist,CALDM-D,0.849752833481647,0.00039938933431564303,0.3826822084821308,0.0004952107843830311,0.3861904761904762,0.0016495721976846327,3,0,7603,100,0.09206892016309351
24_mnist,CALDM-J,0.8445544380290143,0.0019617889844010185,0.3953729928549894,0.004572720538116522,0.41095238095238096,0.0029738085706659066,3,0,7603,100,0.09206892016309351
24_mnist,CBLOF,0.8469990273380104,0.007006340456116909,0.38950728201276,0.016695014319448087,0.41,0.01889822365046136,3,0,7603,100,0.09206892016309351
24_mnist,COPOD,0.7738682974276195,0.0,0.2140195165529347,0.0,0.23571428571428568,0.0,3,0,7603,100,0.09206892016309351
24_mnist,DeepSVDD,0.7676787870008209,0.040023137700660495,0.3137978080503852,0.04028926272107291,0.32761904761904764,0.05075618658046012,3,0,7603,100,0.09206892016309351
24_mnist,ECOD,0.7463432048177813,0.0,0.17795422475443864,0.0,0.18000000000000002,0.0,3,0,7603,100,0.09206892016309351
24_mnist,HBOS,0.5758837772397094,0.0,0.10963693636479693,0.0,0.11285714285714284,0.0,3,0,7603,100,0.09206892016309351
24_mnist,IForest,0.8012666680463291,0.00755529500708812,0.2698276183821165,0.01171791233841593,0.3009523809523809,0.011895234282663637,3,0,7603,100,0.09206892016309351
24_mnist,KNN,0.8641664079799675,0.0,0.410066635601944,0.0,0.4328571428571429,0.0,3,0,7603,100,0.09206892016309351
24_mnist,LODA,0.6654610486813876,0.06759200781651273,0.23186729973834982,0.06261706187076178,0.24047619047619048,0.06294366339755543,3,0,7603,100,0.09206892016309351
24_mnist,LOF,0.6727771569296993,0.0,0.2443228324874486,0.0,0.29285714285714287,0.0,3,0,7603,100,0.09206892016309351
24_mnist,PCA,0.8498067092982348,0.0,0.38279311738467253,0.0,0.38571428571428573,0.0,3,0,7603,100,0.09206892016309351
25_musk,CALDM-D,0.999993046017976,0.0,0.999788522062029,0.0,0.9896907216494846,0.0,3,0,3062,166,0.03167864141084259
25_musk,CALDM-J,0.9839815024078162,0.0068477234894266355,0.7040834389784383,0.04880689323954875,0.5738831615120276,0.05290310762316378,3,0,3062,166,0.03167864141084259
25_musk,CBLOF,1.0,0.0,0.9999999999999999,0.0,1.0,0.0,3,0,3062,166,0.03167864141084259
25_musk,COPOD,0.9463395977121398,0.0,0.3433436210842759,0.0,0.3608247422680413,0.0,3,0,3062,166,0.03167864141084259
25_musk,DeepSVDD,0.9573465922590589,0.03462246380264946,0.541825095335957,0.24997634855092882,0.5017182130584192,0.25676795660787133,3,0,3062,166,0.03167864141084259
25_musk,ECOD,0.9559430468872239,0.0,0.491755836131946,0.0,0.4948453608247423,0.0,3,0,3062,166,0.03167864141084259
25_musk,HBOS,0.9999582761078564,0.0,0.9987989190271245,0.0,0.979381443298969,0.0,3,0,3062,166,0.03167864141084259
25_musk,IForest,0.9999791380539281,1.2536469377951542e-05,0.9993853610901823,0.0003594087155696493,0.9828178694158076,0.005952064630820975,3,0,3062,166,0.03167864141084259
25_musk,KNN,0.9355609255750074,0.0,0.571215048394601,0.0,0.5051546391752577,0.0,3,0,3062,166,0.03167864141084259
25_musk,LODA,0.9923680047287077,0.0057414366163532835,0.8317191227028414,0.13305613379116954,0.7422680412371134,0.14172914520481975,3,0,3062,166,0.03167864141084259
25_musk,LOF,0.6356913127379564,0.0,0.1978578959315804,0.0,0.23711340206185563,0.0,3,0,3062,166,0.03167864141084259
25_musk,PCA,0.999993046017976,0.0,0.999788522062029,0.0,0.9896907216494846,0.0,3,0,3062,166,0.03167864141084259
26_optdigits,CALDM-D,0.5159113041189629,0.0012976372427857532,0.02682937458161395,6.914189926501443e-05,0.0,0.0,3,0,5216,64,0.028757668711656442
26_optdigits,CALDM-J,0.4233065754265912,0.02297483301762468,0.02292626459184098,0.0009398790172771126,0.0,0.0,3,0,5216,64,0.028757668711656442
26_optdigits,CBLOF,0.7680611483967189,0.019599734438987215,0.055020136777005936,0.004716847006783422,0.0,0.0,3,0,5216,64,0.028757668711656442
26_optdigits,COPOD,0.6823937360178972,0.0,0.04219760729066809,0.0,0.013333333333333336,0.0,3,0,5216,64,0.028757668711656442
26_optdigits,DeepSVDD,0.5056476729394218,0.14518870447907903,0.02846383663403232,0.00986521795251589,0.0,0.0,3,0,5216,64,0.028757668711656442
26_optdigits,ECOD,0.6045163837347021,0.0,0.03372281865520045,0.0,0.006666666666666668,0.0,3,0,5216,64,0.028757668711656442
26_optdigits,HBOS,0.8729977628635347,0.0,0.18037324944011743,0.0,0.22,0.0,3,0,5216,64,0.028757668711656442
26_optdigits,IForest,0.7418120805369126,0.05200991631359906,0.056286356578634233,0.012818345464294624,0.026666666666666672,0.013333333333333336,3,0,5216,64,0.028757668711656442
26_optdigits,KNN,0.3649453875509936,0.0,0.020727568989101795,0.0,0.0,0.0,3,0,5216,64,0.028757668711656442
26_optdigits,LODA,0.4590897925165591,0.23177557675258625,0.03167347116979955,0.02001858692418917,0.02,0.017638342073763934,3,0,5216,64,0.028757668711656442
26_optdigits,LOF,0.5371693643900514,0.0,0.03535979596655171,0.0,0.053333333333333344,0.0,3,0,5216,64,0.028757668711656442
26_optdigits,PCA,0.513680747466772,0.0,0.02678051757334669,0.0,0.0,0.0,3,0,5216,64,0.028757668711656442
27_PageBlocks,CALDM-D,0.9025854672540051,0.0003827047151873152,0.5034478409612024,0.0005666366465169623,0.4620915032679738,0.0011320593513522155,3,0,5393,10,0.09456703133691823
27_PageBlocks,CALDM-J,0.9004960520627119,0.0011402961762724336,0.48564239467092235,0.027153860529519857,0.461437908496732,0.03627892571602075,3,0,5393,10,0.09456703133691823
27_PageBlocks,CBLOF,0.8813003363677371,6.653717670240835e-05,0.5311345299444598,0.0002923031599056736,0.47647058823529403,0.0,3,0,5393,10,0.09456703133691823
27_PageBlocks,COPOD,0.8753739464247711,0.0,0.3710465466617156,0.0,0.3352941176470588,0.0,3,0,5393,10,0.09456703133691823
27_PageBlocks,DeepSVDD,0.8986323097742067,0.011328619810344564,0.5245542236971278,0.05606517706822076,0.46274509803921565,0.059505846688209886,3,0,5393,10,0.09456703133691823
27_PageBlocks,ECOD,0.9139399196090477,0.0,0.5199445536951434,0.0,0.43137254901960786,0.0,3,0,5393,10,0.09456703133691823
27_PageBlocks,HBOS,0.7598310264101545,0.0,0.29078014786525397,0.0,0.29521016617790813,0.0,3,0,5393,10,0.09456703133691823
27_PageBlocks,IForest,0.8979854744819629,0.007260137594562743,0.46991629663629,0.014050365788978362,0.4104575163398692,0.015848830918930887,3,0,5393,10,0.09456703133691823
27_PageBlocks,KNN,0.9135853481265533,0.0,0.5357785787822672,0.0,0.515686274509804,0.0,3,0,5393,10,0.09456703133691823
27_PageBlocks,LODA,0.779689171046943,0.041803312403515425,0.44434807600027765,0.029763100879017065,0.4094780641563113,0.06757085537972204,3,0,5393,10,0.09456703133691823
27_PageBlocks,LOF,0.7155613914621757,0.0,0.29409606534367316,0.0,0.34313725490196073,0.0,3,0,5393,10,0.09456703133691823
27_PageBlocks,PCA,0.9036208052748028,0.0,0.5092086546312666,0.0,0.4666666666666666,0.0,3,0,5393,10,0.09456703133691823
28_pendigits,CALDM-D,0.9367799520837948,0.0009567598628700787,0.22111133421907384,0.001322087557576507,0.33547008547008544,0.0037009632640360814,3,0,6870,16,0.022707423580786028
28_pendigits,CALDM-J,0.7896518055141826,0.0018568257563007992,0.05553593410434001,0.0016935860793201515,0.014957264957264958,0.0037009632640360624,3,0,6870,16,0.022707423580786028
28_pendigits,CBLOF,0.9663746375095794,0.001984822116368864,0.3434975686873729,0.002953642889512883,0.3525641025641026,0.011102889792108188,3,0,6870,16,0.022707423580786028
28_pendigits,COPOD,0.9048238277460797,0.0,0.1823774113348128,0.0,0.26282051282051283,0.0,3,0,6870,16,0.022707423580786028
28_pendigits,DeepSVDD,0.7740952697387015,0.07629424058916376,0.06089312133700272,0.02443232902153246,0.07051282051282051,0.042034862335269235,3,0,6870,16,0.022707423580786028
28_pendigits,ECOD,0.9274544961542279,0.0,0.2656703483840227,0.0,0.358974358974359,0.0,3,0,6870,16,0.022707423580786028
28_pendigits,HBOS,0.9259564782352986,0.0,0.24747249683907246,0.0,0.30128205128205127,0.0,3,0,6870,16,0.022707423580786028
28_pendigits,IForest,0.9584415394290282,0.009723856899335368,0.28185517022612494,0.060915440563889936,0.34401709401709396,0.047250735870717875,3,0,6870,16,0.022707423580786028
28_pendigits,KNN,0.8019914377152982,0.0,0.08497256372398648,0.0,0.10897435897435898,0.0,3,0,6870,16,0.022707423580786028
28_pendigits,LODA,0.9266038052901324,0.029332519938731472,0.2227339461160163,0.06974907582068202,0.31196581196581197,0.08116846116761786,3,0,6870,16,0.022707423580786028
28_pendigits,LOF,0.4991311687022142,0.0,0.04310194425057486,0.0,0.08333333333333333,0.0,3,0,6870,16,0.022707423580786028
28_pendigits,PCA,0.9354878439999083,0.0,0.21833299523996216,0.0,0.3269230769230769,0.0,3,0,6870,16,0.022707423580786028
30_satellite,CALDM-D,0.6004452811431068,0.0016029227730036556,0.6042526141458181,0.002035342252193345,0.4821545514079895,0.001236056718282698,3,0,6435,36,0.3163947163947164
30_satellite,CALDM-J,0.6432127293322752,0.010298268996093474,0.49705606511116973,0.036725640972354,0.4548133595284873,0.022545220859584495,3,0,6435,36,0.3163947163947164
30_satellite,CBLOF,0.7208652603519314,0.00027564187218477696,0.5875138708890572,0.0002552419011849263,0.5487884741322855,0.0007502579723241509,3,0,6435,36,0.3163947163947164
30_satellite,COPOD,0.6334915597445571,0.0,0.570603529894231,0.0,0.48035363457760316,0.0,3,0,6435,36,0.3163947163947164
30_satellite,DeepSVDD,0.6167939169660069,0.04338594498563998,0.6266300353653609,0.051046834933524216,0.5103143418467583,0.05058939096267188,3,0,6435,36,0.3163947163947164
30_satellite,ECOD,0.5829611212764465,0.0,0.5261240658997652,0.0,0.44941060903732816,0.0,3,0,6435,36,0.3163947163947164
30_satellite,HBOS,0.7593421839487542,0.0,0.6879297359567161,0.0,0.575147347740668,0.0,3,0,6435,36,0.3163947163947164
30_satellite,IForest,0.6989774719592311,0.011560615196956727,0.6556432042104615,0.019174477029753993,0.5607400130975769,0.018208252462720332,3,0,6435,36,0.3163947163947164
30_satellite,KNN,0.7080965557005051,0.0,0.5695423666967524,0.0,0.5165725509452492,0.0,3,0,6435,36,0.3163947163947164
30_satellite,LODA,0.6007146426831246,0.005811437534147871,0.5814373034864091,0.01387360949400337,0.47396856581532415,0.010659398042343152,3,0,6435,36,0.3163947163947164
30_satellite,LOF,0.5417467959095901,0.0,0.37238156659316,0.0,0.3718074656188606,0.0,3,0,6435,36,0.3163947163947164
30_satellite,PCA,0.601168621552228,0.0,0.6057358077750878,0.0,0.48379174852652257,0.0,3,0,6435,36,0.3163947163947164
31_satimage-2,CALDM-D,0.9844256279711298,0.001276056105816097,0.8991574279898472,0.010605904001596422,0.8497652582159624,0.021514439882421743,3,0,5803,36,0.0122350508357746
31_satimage-2,CALDM-J,0.8735531355146464,0.027954017202842463,0.23953039241073046,0.027207483139255577,0.25821596244131456,0.008131693932248232,3,0,5803,36,0.0122350508357746
31_satimage-2,CBLOF,0.998741109134453,1.56051349013482e-05,0.97264646019796,6.746839700013316e-05,0.9436619718309859,0.0,3,0,5803,36,0.0122350508357746
31_satimage-2,COPOD,0.9744601594212869,0.0,0.7932801703583428,0.0,0.7464788732394366,0.0,3,0,5803,36,0.0122350508357746
31_satimage-2,DeepSVDD,0.9691993552381982,0.009654982897686324,0.8222543610219241,0.08007532795626839,0.7793427230046949,0.08008789722644126,3,0,5803,36,0.0122350508357746
31_satimage-2,ECOD,0.9648771905683929,0.0,0.6597101759053016,0.0,0.6197183098591549,0.0,3,0,5803,36,0.0122350508357746
31_satimage-2,HBOS,0.9770967044415831,0.0,0.7507121678104879,0.0,0.6901408450704225,0.0,3,0,5803,36,0.0122350508357746
31_satimage-2,IForest,0.9929741276222116,0.0008888045935919369,0.909991572160534,0.002507006602159212,0.8544600938967136,0.008131693932248232,3,0,5803,36,0.0122350508357746
31_satimage-2,KNN,0.9828464857533196,0.0,0.4865971068700577,0.0,0.4507042253521127,0.0,3,0,5803,36,0.0122350508357746
31_satimage-2,LODA,0.9829914588718633,0.0027799971853415114,0.8905962644563691,0.02693263470064716,0.8450704225352114,0.03726410297274074,3,0,5803,36,0.0122350508357746
31_satimage-2,LOF,0.5363980814404923,0.0,0.03135798157815162,0.0,0.07042253521126761,0.0,3,0,5803,36,0.0122350508357746
31_satimage-2,PCA,0.9771605909006024,0.0,0.8724446268506201,0.0,0.8309859154929576,0.0,3,0,5803,36,0.0122350508357746
32_shuttle,CALDM-D,0.9906773683421246,0.0001226725574590407,0.9160409060663323,0.00033127797923465207,0.9498718313870692,0.00028481913984620966,3,0,49097,9,0.0715114976475141
32_shuttle,CALDM-J,0.9250747304001422,0.03019627819731499,0.5091055230421214,0.10880757653191302,0.5574859963922909,0.14471008085664003,3,0,49097,9,0.0715114976475141
32_shuttle,CBLOF,0.5849467055317605,0.0012782864466986156,0.16529416953586196,0.0014307035973105515,0.23269723725434352,0.006906497096543518,3,0,49097,9,0.0715114976475141
32_shuttle,COPOD,0.9945018022404982,0.0,0.9608432931973839,0.0,0.9507262888066078,0.0,3,0,49097,9,0.0715114976475141
32_shuttle,DeepSVDD,0.9870536821828182,0.003422811301953902,0.8879147462913712,0.03342192155470378,0.9002183613405488,0.09518514748673909,3,0,49097,9,0.0715114976475141
32_shuttle,ECOD,0.9929491361850228,0.0,0.9042658085246701,0.0,0.8684135573910566,0.0,3,0,49097,9,0.0715114976475141
32_shuttle,HBOS,0.9842859664887595,0.0,0.964219599828294,0.0,0.9272390716218141,0.0,3,0,49097,9,0.0715114976475141
32_shuttle,IForest,0.997074690130009,0.0008858393525787461,0.9750425364558035,0.011691709909865147,0.9440805088768632,0.033820798760643346,3,0,49097,9,0.0715114976475141
32_shuttle,KNN,0.6971517792361638,0.0,0.1856175815460115,0.0,0.21332953574480204,0.0,3,0,49097,9,0.0715114976475141
32_shuttle,LODA,0.6961745630970655,0.21847298389839948,0.38629609765414646,0.2395049413860656,0.41768870398690333,0.20177334375797973,3,0,49097,9,0.0715114976475141
32_shuttle,LOF,0.5210584691720362,0.0,0.10852441826810462,0.0,0.12560524067217316,0.0,3,0,49097,9,0.0715114976475141
32_shuttle,PCA,0.9898693019661818,0.0,0.9154515031289886,0.0,0.9510111079464542,0.0,3,0,49097,9,0.0715114976475141
35_SpamBase,CALDM-D,0.551214721503909,0.0003274239169426923,0.4103164653840788,0.00015085843995064332,0.43736351002580903,0.00034386555639644595,3,0,4207,57,0.39909674352270025
35_SpamBase,CALDM-J,0.5493137962620909,0.011045655089497437,0.4117209288957975,0.005482751124052186,0.42902521342068695,0.006199124477266621,3,0,4207,57,0.39909674352270025
35_SpamBase,CBLOF,0.5428332711353705,0.0016812795488579787,0.4041998490569367,0.0023564529114513027,0.426047250347429,0.0013754622255857957,3,0,4207,57,0.39909674352270025
35_SpamBase,COPOD,0.6878995747921081,0.0,0.5437954018087976,0.0,0.5741512805241215,0.0,3,0,4207,57,0.39909674352270025
35_SpamBase,DeepSVDD,0.5319498841484408,0.02890757056440846,0.4010356646227124,0.016590646909480127,0.4240619416319238,0.018075033836204298,3,0,4207,57,0.39909674352270025
35_SpamBase,ECOD,0.6555891466439487,0.0,0.5182832572904945,0.0,0.5527099463966647,0.0,3,0,4207,57,0.39909674352270025
35_SpamBase,HBOS,0.661759231685527,0.0,0.5116451776129993,0.0,0.55092316855271,0.0,3,0,4207,57,0.39909674352270025
35_SpamBase,IForest,0.6242577081495666,0.02064014738609763,0.47034252898818846,0.01775410748339113,0.506055191582291,0.01787108698108847,3,0,4207,57,0.39909674352270025
35_SpamBase,KNN,0.5619233730520728,0.0,0.41540650434737936,0.0,0.43299583085169746,0.0,3,0,4207,57,0.39909674352270025
35_SpamBase,LODA,0.511310212654207,0.06256265021204589,0.41506042450219655,0.03645290912401248,0.4295008369189686,0.05267290231348446,3,0,4207,57,0.39909674352270025
35_SpamBase,LOF,0.45678019051424523,0.0,0.35963614113172754,0.0,0.3591423466349017,0.0,3,0,4207,57,0.39909674352270025
35_SpamBase,PCA,0.550187159324794,0.0,0.4097462690169504,0.0,0.4371649791542585,0.0,3,0,4207,57,0.39909674352270025
38_thyroid,CALDM-D,0.9561806280146642,0.0009973302311928277,0.3595229205895974,0.004365879432496267,0.3476702508960574,0.006208067410641156,3,0,3772,6,0.024655355249204668
38_thyroid,CALDM-J,0.9437259423581091,0.014080329889913009,0.3458438032040692,0.01472658441772736,0.35125448028673834,0.01642500249088115,3,0,3772,6,0.024655355249204668
38_thyroid,CBLOF,0.9182320269747604,4.64274227449345e-05,0.2786965697765021,0.00020906609544850153,0.25806451612903225,0.0,3,0,3772,6,0.024655355249204668
38_thyroid,COPOD,0.9393301709499133,0.0,0.1789092857757182,0.0,0.17204301075268816,0.0,3,0,3772,6,0.024655355249204668
38_thyroid,DeepSVDD,0.8918593470058193,0.06798395260817604,0.263628051324148,0.22390444268971946,0.26881720430107525,0.21478477801546428,3,0,3772,6,0.024655355249204668
38_thyroid,ECOD,0.9770537225227752,0.0,0.4677637098766388,0.0,0.5483870967741935,0.0,3,0,3772,6,0.024655355249204668
38_thyroid,HBOS,0.9500828591219564,0.0,0.4941312210663719,0.0,0.5161290322580645,0.0,3,0,3772,6,0.024655355249204668
38_thyroid,IForest,0.9793480579984627,0.002205800110804166,0.5673140620933511,0.036917532756135636,0.5734767025089605,0.01642500249088117,3,0,3772,6,0.024655355249204668
38_thyroid,KNN,0.9651611734137665,0.0,0.3612787456117595,0.0,0.3118279569892473,0.0,3,0,3772,6,0.024655355249204668
38_thyroid,LODA,0.8842865785758752,0.0383661713214086,0.21826427737299267,0.04645512671548371,0.24372759856630824,0.03456505649101418,3,0,3772,6,0.024655355249204668
38_thyroid,LOF,0.665675864467612,0.0,0.07337810072543478,0.0,0.07526881720430108,0.0,3,0,3772,6,0.024655355249204668
38_thyroid,PCA,0.9547358299210574,0.0,0.3559749115727648,0.0,0.35483870967741943,0.0,3,0,3772,6,0.024655355249204668
40_vowels,CALDM-D,0.6186486486486487,0.0019858180450009625,0.06961000423288657,0.0007992554829769964,0.14,0.0,3,0,1456,12,0.034340659340659344
40_vowels,CALDM-J,0.9106922712185869,0.010007416513006944,0.31423990445576844,0.03612209725100614,0.34,0.052915026221291794,3,0,1456,12,0.034340659340659344
40_vowels,CBLOF,0.8833191085822665,0.000686089300795233,0.1649203609189604,0.0013275287312737548,0.2066666666666667,0.011547005383792493,3,0,1456,12,0.034340659340659344
40_vowels,COPOD,0.49578947368421056,0.0,0.034110798555548966,0.0,0.0,0.0,3,0,1456,12,0.034340659340659344
40_vowels,DeepSVDD,0.6076955903271694,0.10889739853619504,0.06546818804101752,0.033759120800527426,0.07333333333333333,0.07571877794400365,3,0,1456,12,0.034340659340659344
40_vowels,ECOD,0.5929018492176387,0.0,0.08138936896790486,0.0,0.18000000000000002,0.0,3,0,1456,12,0.034340659340659344
40_vowels,HBOS,0.6765860597439545,0.0,0.0814001015375129,0.0,0.12,0.0,3,0,1456,12,0.034340659340659344
40_vowels,IForest,0.7458700806069226,0.02873947644803277,0.13328964691289066,0.055212103922609154,0.17333333333333334,0.02309401076758505,3,0,1456,12,0.034340659340659344
40_vowels,KNN,0.9590327169274536,0.0,0.46760776999616094,0.0,0.46,0.0,3,0,1456,12,0.034340659340659344
40_vowels,LODA,0.6936178283546705,0.0460282180346627,0.1295921395487989,0.035704956126831056,0.16,0.052915026221291815,3,0,1456,12,0.034340659340659344
40_vowels,LOF,0.942972972972973,0.0,0.3162347808461141,0.0,0.34,0.0,3,0,1456,12,0.034340659340659344
40_vowels,PCA,0.6062304409672831,0.0,0.0683466218346579,0.0,0.14,0.0,3,0,1456,12,0.034340659340659344
41_Waveform,CALDM-D,0.6419483497856217,0.004123779425974844,0.04468748247702329,0.00039853839963181054,0.05666666666666667,0.005773502691896252,3,0,3443,21,0.02904443799012489
41_Waveform,CALDM-J,0.5314438129424669,0.009631681160362584,0.03412023274395532,0.0013800797693074229,0.043333333333333335,0.005773502691896264,3,0,3443,21,0.02904443799012489
41_Waveform,CBLOF,0.7094715325555887,0.011011090792396747,0.14613410087903123,0.01807261907921142,0.19999999999999998,0.009999999999999981,3,0,3443,21,0.02904443799012489
41_Waveform,COPOD,0.7338558181274304,0.0,0.05586382475697336,0.0,0.06,0.0,3,0,3443,21,0.02904443799012489
41_Waveform,DeepSVDD,0.5413221657194137,0.08233304239873643,0.03385210461752047,0.00691074512081938,0.03,0.0,3,0,3443,21,0.02904443799012489
41_Waveform,ECOD,0.6034819024827999,0.0,0.0405457227434844,0.0,0.04,0.0,3,0,3443,21,0.02904443799012489
41_Waveform,HBOS,0.6942536643733174,0.0,0.048505250127982624,0.0,0.04,0.0,3,0,3443,21,0.02904443799012489
41_Waveform,IForest,0.6971851630272211,0.01990818989435723,0.055601299199966085,0.005606426647038188,0.06333333333333334,0.005773502691896264,3,0,3443,21,0.02904443799012489
41_Waveform,KNN,0.7437989829494466,0.0,0.1327537762930754,0.0,0.19000000000000003,0.0,3,0,3443,21,0.02904443799012489
41_Waveform,LODA,0.6030641140691994,0.06765317249540759,0.04044116837995158,0.006669858192924822,0.05000000000000001,0.009999999999999997,3,0,3443,21,0.02904443799012489
41_Waveform,LOF,0.7056147173197725,0.0,0.07549962841815541,0.0,0.10000000000000002,0.0,3,0,3443,21,0.02904443799012489
41_Waveform,PCA,0.6363954531857613,0.0,0.044377955881752994,0.0,0.05000000000000001,0.0,3,0,3443,21,0.02904443799012489
5_campaign,CALDM-D,0.7339774192008871,0.00018472766446866497,0.2847298166735113,0.00013003453749057403,0.36824712643678154,0.00024885787465069324,3,0,41188,62,0.11265417111780131
5_campaign,CALDM-J,0.8125967885564441,0.010030856908779421,0.33642607235298616,0.012013921097349589,0.3849856321839081,0.026432584155783853,3,0,41188,62,0.11265417111780131
5_campaign,CBLOF,0.7202421577308505,0.01963036799121276,0.2605500412462161,0.036876656861923464,0.3484195402298851,0.038202115517389355,3,0,41188,62,0.11265417111780131
5_campaign,COPOD,0.7830171375951513,0.0,0.3686004566817303,0.0,0.4036637931034483,0.0,3,0,41188,62,0.11265417111780131
5_campaign,DeepSVDD,0.6830588448713013,0.046537654515870684,0.23909897116602855,0.03991103616191982,0.3048850574712644,0.04880232361811423,3,0,41188,62,0.11265417111780131
5_campaign,ECOD,0.769664102568941,0.0,0.35464135987898954,0.0,0.393103448275862,0.0,3,0,41188,62,0.11265417111780131
5_campaign,HBOS,0.7662330719780884,0.0,0.3496691703734827,0.0,0.37844827586206903,0.0,3,0,41188,62,0.11265417111780131
5_campaign,IForest,0.7127167850592325,0.010041543182352543,0.27224082877217787,0.0023750175426582028,0.31831896551724137,0.008101269883281236,3,0,41188,62,0.11265417111780131
5_campaign,KNN,0.7476147953046158,0.0,0.28402378622828545,0.0,0.3431034482758621,0.0,3,0,41188,62,0.11265417111780131
5_campaign,LODA,0.5964553119956247,0.0656227431283522,0.17706105628420757,0.03868913508647573,0.20948275862068966,0.04074871973361441,3,0,41188,62,0.11265417111780131
5_campaign,LOF,0.6245117338606198,0.0,0.16752295638227052,0.0,0.2131465517241379,0.0,3,0,41188,62,0.11265417111780131
5_campaign,PCA,0.7341896391330437,0.0,0.2849149768663902,0.0,0.36810344827586206,0.0,3,0,41188,62,0.11265417111780131
6_cardio,CALDM-D,0.9505161127895266,0.0007596852456020009,0.6120718999005419,0.0028614507630040395,0.6060606060606061,0.003280399256759194,3,0,1831,21,0.0961223375204806
6_cardio,CALDM-J,0.7580884372425158,0.032977947401716994,0.3123247697457703,0.022060453626043246,0.32386363636363635,0.009841197770277704,3,0,1831,21,0.0961223375204806
6_cardio,CBLOF,0.7944383411150783,0.05346622514275808,0.4152018032742308,0.1228728992560368,0.45075757575757575,0.1447842034364878,3,0,1831,21,0.0961223375204806
6_cardio,COPOD,0.921882724526229,0.0,0.5776491635091149,0.0,0.5284090909090909,0.0,3,0,1831,21,0.0961223375204806
6_cardio,DeepSVDD,0.936296118282523,0.011024775195897459,0.601998533050821,0.06775492268979423,0.5795454545454546,0.07096588634543632,3,0,1831,21,0.0961223375204806
6_cardio,ECOD,0.9350006866245537,0.0,0.5674131327593924,0.0,0.5284090909090909,0.0,3,0,1831,21,0.0961223375204806
6_cardio,HBOS,0.8622459489151333,0.0,0.46655288338650935,0.0,0.45454545454545453,0.0,3,0,1831,21,0.0961223375204806
6_cardio,IForest,0.9308271537123501,0.003228074504805362,0.5804197022163433,0.012424680402230699,0.5151515151515151,0.026243194054073875,3,0,1831,21,0.0961223375204806
6_cardio,KNN,0.7881746086240046,0.0,0.3811934041096256,0.0,0.3636363636363636,0.0,3,0,1831,21,0.0961223375204806
6_cardio,LODA,0.9000686624553694,0.030577745244987044,0.5426204273578176,0.031202260659819906,0.537878787878788,0.05092549113541193,3,0,1831,21,0.0961223375204806
6_cardio,LOF,0.5457841252403186,0.0,0.1543113692517026,0.0,0.17045454545454544,0.0,3,0,1831,21,0.0961223375204806
6_cardio,PCA,0.9500377643504532,0.0,0.610220882906676,0.0,0.6079545454545454,0.0,3,0,1831,21,0.0961223375204806
7_Cardiotocography,CALDM-D,0.7494689448865927,0.003421921850674624,0.47265497242334503,0.0029785367990486887,0.4470672389127324,0.004955796302056878,3,0,2114,21,0.22043519394512773
7_Cardiotocography,CALDM-J,0.5045692008000333,0.023999870111175322,0.29349340768797555,0.016429488034953112,0.3082975679542203,0.02363764183384593,3,0,2114,21,0.22043519394512773
7_Cardiotocography,CBLOF,0.5561833305554399,0.013525295803937678,0.3242274493810466,0.0427867828129081,0.32331902718168815,0.012935008097299779,3,0,2114,21,0.22043519394512773
7_Cardiotocography,COPOD,0.6628948081170047,0.0,0.40012512855023047,0.0,0.3605150214592274,0.0,3,0,2114,21,0.22043519394512773
7_Cardiotocography,DeepSVDD,0.7553409343444866,0.059875082567105435,0.4449613057889293,0.08747595276556137,0.4535050071530758,0.09503635868522108,3,0,2114,21,0.22043519394512773
7_Cardiotocography,ECOD,0.7853243885161881,0.0,0.5053596285162216,0.0,0.49570815450643774,0.0,3,0,2114,21,0.22043519394512773
7_Cardiotocography,HBOS,0.5998088462019251,0.0,0.3644333299991123,0.0,0.3240343347639485,0.0,3,0,2114,21,0.22043519394512773
7_Cardiotocography,IForest,0.6836701963276247,0.03508493154565776,0.43235797322769143,0.018265415569373594,0.3898426323319027,0.039704403680623515,3,0,2114,21,0.22043519394512773
7_Cardiotocography,KNN,0.4994231530480436,0.0,0.32032362312994367,0.0,0.3218884120171674,0.0,3,0,2114,21,0.22043519394512773
7_Cardiotocography,LODA,0.6637160228898427,0.047169942203806124,0.42370789332662034,0.06577951374217748,0.3655221745350501,0.035282868255045834,3,0,2114,21,0.22043519394512773
7_Cardiotocography,LOF,0.5235270219592483,0.0,0.27576545287349685,0.0,0.2875536480686695,0.0,3,0,2114,21,0.22043519394512773
7_Cardiotocography,PCA,0.7523451497979082,0.0,0.47486809253801404,0.0,0.45064377682403434,0.0,3,0,2114,21,0.22043519394512773
8_celeba,CALDM-D,0.7850938585707201,0.0003878854937904212,0.1124144101409547,0.00017119313918418491,0.16918960839002847,0.00013266802665029431,3,0,202599,39,0.022443348683853327
8_celeba,CALDM-J,0.6991954125669912,0.005197399146616775,0.04747408494207219,0.004724584625516255,0.07425856443919934,0.01949249530758037,3,0,202599,39,0.022443348683853327
8_celeba,CBLOF,0.7566124347678905,0.031203171904940114,0.08227469860844284,0.03696237050621984,0.1355472472692618,0.06128157639709959,3,0,202599,39,0.022443348683853327
8_celeba,COPOD,0.7507807433227432,0.0,0.09440910399419662,0.0,0.15350780734550254,0.0,3,0,202599,39,0.022443348683853327
8_celeba,DeepSVDD,0.7702269590823048,0.0329060612141021,0.08825751808162118,0.011636530759566742,0.13452092955061945,0.018190532871558005,3,0,202599,39,0.022443348683853327
8_celeba,ECOD,0.757172995057632,0.0,0.09691703860971364,0.0,0.15328788212007918,0.0,3,0,202599,39,0.022443348683853327
8_celeba,HBOS,0.7485189354384278,0.0,0.0911913848970765,0.0,0.14603034968110842,0.0,3,0,202599,39,0.022443348683853327
8_celeba,IForest,0.6907467056599943,0.001937926440938744,0.05800108730975231,0.003846202229447761,0.09772010849644454,0.007594057628373372,3,0,202599,39,0.022443348683853327
8_celeba,KNN,0.661601781758995,0.0,0.043989191187184,0.0,0.0670771937541236,0.0,3,0,202599,39,0.022443348683853327
8_celeba,LODA,0.6297141216884906,0.07005755682731231,0.04595933818907258,0.017577902432925913,0.08540429587273661,0.05284356677584558,3,0,202599,39,0.022443348683853327
8_celeba,LOF,0.4706035032814066,0.0,0.02065720249644289,0.0,0.021112821640642182,0.0,3,0,202599,39,0.022443348683853327
8_celeba,PCA,0.7855167251839159,0.0,0.11245282410681663,0.0,0.16934242357598417,0.0,3,0,202599,39,0.022443348683853327
